Sample,Interpretation,Type,Coordination,Class,Formula,Standard,Ox state,Temp [K],HWHM [mm/s],IS [mm/s],IS error [mm/s],QS [mm/s],QS error [mm/s],Qshift [mm/s],Calculated,Bhf [T],Bhf error [T],Site,Nsites,RA [%],Model,SampleID,Title,Author,Date,Publication type,doi,URL
Goethite,Goethite,Mineral,,Hydroxides and Oxides containing hydroxyl,alpha-FeO(OH),Fe(0),3,295,,0.37,,-0.26,,-0.13,Y,38,,1,1,,,,The Iron Oxides,R. M. Cornell and U. Schwertmann,2003,book,10.1002/3527602097,https://onlinelibrary.wiley.com/doi/book/10.1002/3527602097
Goethite,Goethite,Mineral,,Hydroxides and Oxides containing hydroxyl,alpha-FeO(OH),Fe(0),3,4.2,,0.48,,-0.25,,-0.125,Y,50.6,,1,1,,,,The Iron Oxides,R. M. Cornell and U. Schwertmann,2003,book,10.1002/3527602097,https://onlinelibrary.wiley.com/doi/book/10.1002/3527602097
Lepidocrocite,Lepidocrocite,Mineral,,Hydroxides and Oxides containing hydroxyl,gamma-FeO(OH),Fe(0),3,294,,0.37,,0.53,,,,,,1,1,,,,The Iron Oxides,R. M. Cornell and U. Schwertmann,2003,book,10.1002/3527602097,https://onlinelibrary.wiley.com/doi/book/10.1002/3527602097
Lepidocrocite,Lepidocrocite,Mineral,,Hydroxides and Oxides containing hydroxyl,gamma-FeO(OH),Fe(0),3,4.2,,0.47,,0.02,,0.01,Y,45.8,,1,1,,,,The Iron Oxides,R. M. Cornell and U. Schwertmann,2003,book,10.1002/3527602097,https://onlinelibrary.wiley.com/doi/book/10.1002/3527602097
Lepidocrocite,Lepidocrocite,Mineral,,Hydroxides and Oxides containing hydroxyl,gamma-FeO(OH),Fe(0),3,4.2,,0.25,,0.02,,0.01,Y,45.4,,1,1,,,,The Iron Oxides,R. M. Cornell and U. Schwertmann,2003,book,10.1002/3527602097,https://onlinelibrary.wiley.com/doi/book/10.1002/3527602097
Akageneite,Akageneite,Mineral,,Hydroxides and Oxides containing hydroxyl,beta-FeO(OH),Fe(0),3,295,,0.38,,0.55,,,,,,1,2,,,,The Iron Oxides,R. M. Cornell and U. Schwertmann,2003,book,10.1002/3527602097,https://onlinelibrary.wiley.com/doi/book/10.1002/3527602097
Akageneite,Akageneite,Mineral,,Hydroxides and Oxides containing hydroxyl,beta-FeO(OH),Fe(0),3,295,,0.37,,0.95,,,,,,2,2,,,,The Iron Oxides,R. M. Cornell and U. Schwertmann,2003,book,10.1002/3527602097,https://onlinelibrary.wiley.com/doi/book/10.1002/3527602097
Akageneite,Akageneite,Mineral,,Hydroxides and Oxides containing hydroxyl,beta-FeO(OH),Fe(0),3,4.2,,0.49,,-0.02,,-0.01,Y,48.9,,1,3,,,,The Iron Oxides,R. M. Cornell and U. Schwertmann,2003,book,10.1002/3527602097,https://onlinelibrary.wiley.com/doi/book/10.1002/3527602097
Akageneite,Akageneite,Mineral,,Hydroxides and Oxides containing hydroxyl,beta-FeO(OH),Fe(0),3,4.2,,0.49,,-0.24,,-0.12,Y,47.8,,2,3,,,,The Iron Oxides,R. M. Cornell and U. Schwertmann,2003,book,10.1002/3527602097,https://onlinelibrary.wiley.com/doi/book/10.1002/3527602097
Akageneite,Akageneite,Mineral,,Hydroxides and Oxides containing hydroxyl,beta-FeO(OH),Fe(0),3,4.2,,0.49,,-0.81,,-0.405,Y,47.3,,3,3,,,,The Iron Oxides,R. M. Cornell and U. Schwertmann,2003,book,10.1002/3527602097,https://onlinelibrary.wiley.com/doi/book/10.1002/3527602097
Schwertmannite,Schwertmannite,Mineral,,Hydroxides and Oxides containing hydroxyl,"Fe3+16(OH,SO4)12-13O16 · 10-12H2O",Fe(0),3,295,,0.39,,0.64,,,,,,1,1,,,,The Iron Oxides,R. M. Cornell and U. Schwertmann,2003,book,10.1002/3527602097,https://onlinelibrary.wiley.com/doi/book/10.1002/3527602097
Schwertmannite,Schwertmannite,Mineral,,Hydroxides and Oxides containing hydroxyl,"Fe3+16(OH,SO4)12-13O16 · 10-12H2O",Fe(0),3,4.2,,0.49,,-0.37,,-0.185,Y,45.6,,1,1,,,,The Iron Oxides,R. M. Cornell and U. Schwertmann,2003,book,10.1002/3527602097,https://onlinelibrary.wiley.com/doi/book/10.1002/3527602097
δ-FeOOH,δ-FeOOH,Mineral,,,FeOOH,Fe(0),3,295,,0.45,,0.12,,0.06,Y,35,,1,1,,,,The Iron Oxides,R. M. Cornell and U. Schwertmann,2003,book,10.1002/3527602097,https://onlinelibrary.wiley.com/doi/book/10.1002/3527602097
δ-FeOOH,δ-FeOOH,Mineral,,,FeOOH,Fe(0),3,4.2,,,,,,,,52.5,,1,1,,,,The Iron Oxides,R. M. Cornell and U. Schwertmann,2003,book,10.1002/3527602097,https://onlinelibrary.wiley.com/doi/book/10.1002/3527602097
HP FeOOH,HP FeOOH,Mineral,,,FeOOH,Fe(0),3,480,,0.03,,-0.13,,,,,,1,1,,,,The Iron Oxides,R. M. Cornell and U. Schwertmann,2003,book,10.1002/3527602097,https://onlinelibrary.wiley.com/doi/book/10.1002/3527602097
HP FeOOH,HP FeOOH,Mineral,,,FeOOH,Fe(0),3,295,,0.37,,-0.13,,-0.065,Y,35.2,,1,1,,,,The Iron Oxides,R. M. Cornell and U. Schwertmann,2003,book,10.1002/3527602097,https://onlinelibrary.wiley.com/doi/book/10.1002/3527602097
HP FeOOH,HP FeOOH,Mineral,,,FeOOH,Fe(0),3,10,,0.49,,-0.118,,-0.059,Y,47.2,,1,1,,,,The Iron Oxides,R. M. Cornell and U. Schwertmann,2003,book,10.1002/3527602097,https://onlinelibrary.wiley.com/doi/book/10.1002/3527602097
Feroxyhyte,Feroxyhyte,Mineral,,Hydroxides and Oxides containing hydroxyl,FeO(OH),Fe(0),3,295,,0.37,,-0.06,,-0.03,Y,41,,1,1,,,,The Iron Oxides,R. M. Cornell and U. Schwertmann,2003,book,10.1002/3527602097,https://onlinelibrary.wiley.com/doi/book/10.1002/3527602097
Feroxyhyte,Feroxyhyte,Mineral,,Hydroxides and Oxides containing hydroxyl,FeO(OH),Fe(0),3,4,,0.48,,0,,0,Y,53,,1,2,,,,The Iron Oxides,R. M. Cornell and U. Schwertmann,2003,book,10.1002/3527602097,https://onlinelibrary.wiley.com/doi/book/10.1002/3527602097
Feroxyhyte,Feroxyhyte,Mineral,,Hydroxides and Oxides containing hydroxyl,FeO(OH),Fe(0),3,4,,0.48,,0,,0,Y,52,,2,2,,,,The Iron Oxides,R. M. Cornell and U. Schwertmann,2003,book,10.1002/3527602097,https://onlinelibrary.wiley.com/doi/book/10.1002/3527602097
"Ferrihydrite, 6-line","Ferrihydrite, 6-line",Mineral,,Simple Oxides,,Fe(0),3,292,,0.24,,0.72,,,,,,1,1,,,,The Iron Oxides,R. M. Cornell and U. Schwertmann,2003,book,10.1002/3527602097,https://onlinelibrary.wiley.com/doi/book/10.1002/3527602097
"Ferrihydrite, 6-line","Ferrihydrite, 6-line",Mineral,,Simple Oxides,,Fe(0),3,4.2,,0.25,,-0.06,,-0.03,Y,50,,1,1,,,,The Iron Oxides,R. M. Cornell and U. Schwertmann,2003,book,10.1002/3527602097,https://onlinelibrary.wiley.com/doi/book/10.1002/3527602097
"Ferrihydrite, 2-line","Ferrihydrite, 2-line",Mineral,,Simple Oxides,,Fe(0),3,295,,0.24,,0.79,,,,,,1,1,,,,The Iron Oxides,R. M. Cornell and U. Schwertmann,2003,book,10.1002/3527602097,https://onlinelibrary.wiley.com/doi/book/10.1002/3527602097
"Ferrihydrite, 2-line","Ferrihydrite, 2-line",Mineral,,Simple Oxides,,Fe(0),3,4.2,,0.24,,-0.01,,-0.005,Y,47,,1,1,,,,The Iron Oxides,R. M. Cornell and U. Schwertmann,2003,book,10.1002/3527602097,https://onlinelibrary.wiley.com/doi/book/10.1002/3527602097
Bernalite,Bernalite,Mineral,,Hydroxides and Oxides containing hydroxyl,Fe(OH)3 · nH2O (n = 0.0 to 0.25),Fe(0),3,295,,0.382,,-0.006,,-0.003,Y,43.1,,1,1,,,,The Iron Oxides,R. M. Cornell and U. Schwertmann,2003,book,10.1002/3527602097,https://onlinelibrary.wiley.com/doi/book/10.1002/3527602097
Bernalite,Bernalite,Mineral,,Hydroxides and Oxides containing hydroxyl,Fe(OH)3 · nH2O (n = 0.0 to 0.25),Fe(0),3,4.2,,,,0.01,,0.005,Y,56,,1,1,,,,The Iron Oxides,R. M. Cornell and U. Schwertmann,2003,book,10.1002/3527602097,https://onlinelibrary.wiley.com/doi/book/10.1002/3527602097
Hematite,Hematite,Mineral,,Simple Oxides,Fe2O3,Fe(0),3,295,,0.37,,-0.197,,-0.0985,Y,51.75,,1,1,,,,The Iron Oxides,R. M. Cornell and U. Schwertmann,2003,book,10.1002/3527602097,https://onlinelibrary.wiley.com/doi/book/10.1002/3527602097
Hematite,Hematite,Mineral,,Simple Oxides,Fe2O3,Fe(0),3,4.2,,0.49,,0.41,,0.205,Y,54.17,,1,1,,,,The Iron Oxides,R. M. Cornell and U. Schwertmann,2003,book,10.1002/3527602097,https://onlinelibrary.wiley.com/doi/book/10.1002/3527602097
ε-Fe2O3,ε-Fe2O3,Mineral,,,,Fe(0),3,295,,0.21,,-0.07,,-0.035,Y,26.2,,1,4,,,,The Iron Oxides,R. M. Cornell and U. Schwertmann,2003,book,10.1002/3527602097,https://onlinelibrary.wiley.com/doi/book/10.1002/3527602097
ε-Fe2O3,ε-Fe2O3,Mineral,,,,Fe(0),3,295,,0.38,,0,,0,Y,39.5,,2,4,,,,The Iron Oxides,R. M. Cornell and U. Schwertmann,2003,book,10.1002/3527602097,https://onlinelibrary.wiley.com/doi/book/10.1002/3527602097
ε-Fe2O3,ε-Fe2O3,Mineral,,,,Fe(0),3,295,,0.39,,-0.06,,-0.03,Y,45,,3,4,,,,The Iron Oxides,R. M. Cornell and U. Schwertmann,2003,book,10.1002/3527602097,https://onlinelibrary.wiley.com/doi/book/10.1002/3527602097
ε-Fe2O3,ε-Fe2O3,Mineral,,,,Fe(0),3,295,,0.37,,-0.19,,-0.095,Y,45.2,,4,4,,,,The Iron Oxides,R. M. Cornell and U. Schwertmann,2003,book,10.1002/3527602097,https://onlinelibrary.wiley.com/doi/book/10.1002/3527602097
Magnetite,Magnetite,Mineral,Tetrahedral,Multiple Oxides,,Fe(0),2,295,,0.26,,0,,0,Y,49,,1,2,33.3,,,The Iron Oxides,R. M. Cornell and U. Schwertmann,2003,book,10.1002/3527602097,https://onlinelibrary.wiley.com/doi/book/10.1002/3527602097
Magnetite,Magnetite,Mineral,Octahedral,Multiple Oxides,,Fe(0),2.5,295,,0.67,,0,,0,Y,46,,2,2,66.6,,,The Iron Oxides,R. M. Cornell and U. Schwertmann,2003,book,10.1002/3527602097,https://onlinelibrary.wiley.com/doi/book/10.1002/3527602097
Maghemite,Maghemite,Mineral,,Multiple Oxides,,Fe(0),3,295,,0.23,,0.02,,0.01,Y,50,,1,2,,,,The Iron Oxides,R. M. Cornell and U. Schwertmann,2003,book,10.1002/3527602097,https://onlinelibrary.wiley.com/doi/book/10.1002/3527602097
Maghemite,Maghemite,Mineral,,Multiple Oxides,,Fe(0),3,295,,0.35,,0.02,,0.01,Y,50,,2,2,,,,The Iron Oxides,R. M. Cornell and U. Schwertmann,2003,book,10.1002/3527602097,https://onlinelibrary.wiley.com/doi/book/10.1002/3527602097
Maghemite,Maghemite,Mineral,,Multiple Oxides,,Fe(0),3,4.2,,0.4,,0.02,,0.01,Y,52,,1,2,,,,The Iron Oxides,R. M. Cornell and U. Schwertmann,2003,book,10.1002/3527602097,https://onlinelibrary.wiley.com/doi/book/10.1002/3527602097
Maghemite,Maghemite,Mineral,,Multiple Oxides,,Fe(0),3,4.2,,0.48,,0.02,,0.01,Y,53,,2,2,,,,The Iron Oxides,R. M. Cornell and U. Schwertmann,2003,book,10.1002/3527602097,https://onlinelibrary.wiley.com/doi/book/10.1002/3527602097
Wuestite,Wuestite,Mineral,,Simple Oxides,,Fe(0),2,295,,0.95,,0.44,,,,,,1,2,,,,The Iron Oxides,R. M. Cornell and U. Schwertmann,2003,book,10.1002/3527602097,https://onlinelibrary.wiley.com/doi/book/10.1002/3527602097
Wuestite,Wuestite,Mineral,,Simple Oxides,,Fe(0),2,295,,0.9,,0.79,,,,,,2,2,,,,The Iron Oxides,R. M. Cornell and U. Schwertmann,2003,book,10.1002/3527602097,https://onlinelibrary.wiley.com/doi/book/10.1002/3527602097
Green Rust -SO4,Green Rust -SO4,Mineral,,Hydroxides and Oxides containing hydroxyl,,Fe(0),2,15,,1.3,,2.8,,,,,,1,2,,,,The Iron Oxides,R. M. Cornell and U. Schwertmann,2003,book,10.1002/3527602097,https://onlinelibrary.wiley.com/doi/book/10.1002/3527602097
Green Rust -SO4,Green Rust -SO4,Mineral,,Hydroxides and Oxides containing hydroxyl,,Fe(0),3,15,,0.5,,0.4,,,,,,2,2,,,,The Iron Oxides,R. M. Cornell and U. Schwertmann,2003,book,10.1002/3527602097,https://onlinelibrary.wiley.com/doi/book/10.1002/3527602097
Fe(OH)2,Fe(OH)2,Mineral,,,Fe(OH)2,Fe(0),2,300,,1.05,,2.98,,,,,,1,1,,,,The Iron Oxides,R. M. Cornell and U. Schwertmann,2003,book,10.1002/3527602097,https://onlinelibrary.wiley.com/doi/book/10.1002/3527602097
Fe(OH)2,Fe(OH)2,Mineral,,,Fe(OH)2,Fe(0),2,4.2,,1.4,,3.06,,1.53,Y,20,,1,1,,,,The Iron Oxides,R. M. Cornell and U. Schwertmann,2003,book,10.1002/3527602097,https://onlinelibrary.wiley.com/doi/book/10.1002/3527602097
Iron,Iron,Mineral,,,,,,295,,0,,0,,,,33.1,,1,1,,,,MÖSSBAUER SPECTROSCOPY OF EARTH AND PLANETARY MATERIALS,"M. Darby Dyar, David G. Agresti, Martha W. Schaefer, Christopher A. Grant, Elizabeth C. Sklute",2006,review,10.1146/annurev.earth.34.031405.125049,
Chalcocite,Chalcocite,Mineral,,,,,,295,,0.33,,0.56,,,,,,1,1,,,,MÖSSBAUER SPECTROSCOPY OF EARTH AND PLANETARY MATERIALS,"M. Darby Dyar, David G. Agresti, Martha W. Schaefer, Christopher A. Grant, Elizabeth C. Sklute",2006,review,10.1146/annurev.earth.34.031405.125049,
Bornite,Bornite,Mineral,,,,,,295,,0.36,,0.21,,,,,,1,1,,,,MÖSSBAUER SPECTROSCOPY OF EARTH AND PLANETARY MATERIALS,"M. Darby Dyar, David G. Agresti, Martha W. Schaefer, Christopher A. Grant, Elizabeth C. Sklute",2006,review,10.1146/annurev.earth.34.031405.125049,
Sphalerite,Sphalerite,Mineral,,,,,,295,,0.6,,0.63,,,,,,1,1,,,,MÖSSBAUER SPECTROSCOPY OF EARTH AND PLANETARY MATERIALS,"M. Darby Dyar, David G. Agresti, Martha W. Schaefer, Christopher A. Grant, Elizabeth C. Sklute",2006,review,10.1146/annurev.earth.34.031405.125049,
Troilite,Troilite,Mineral,,,,,,295,,0.77,,-0.08,,,,31.3,,1,1,,,,MÖSSBAUER SPECTROSCOPY OF EARTH AND PLANETARY MATERIALS,"M. Darby Dyar, David G. Agresti, Martha W. Schaefer, Christopher A. Grant, Elizabeth C. Sklute",2006,review,10.1146/annurev.earth.34.031405.125049,
Stannite,Stannite,Mineral,,,,,,295,,0.52,,2.91,,,,,,1,1,,,,MÖSSBAUER SPECTROSCOPY OF EARTH AND PLANETARY MATERIALS,"M. Darby Dyar, David G. Agresti, Martha W. Schaefer, Christopher A. Grant, Elizabeth C. Sklute",2006,review,10.1146/annurev.earth.34.031405.125049,
Pyrite,Pyrite,Mineral,,,,,,295,,0.29,,0.6,,,,,,1,1,,,,MÖSSBAUER SPECTROSCOPY OF EARTH AND PLANETARY MATERIALS,"M. Darby Dyar, David G. Agresti, Martha W. Schaefer, Christopher A. Grant, Elizabeth C. Sklute",2006,review,10.1146/annurev.earth.34.031405.125049,
Marcasite,Marcasite,Mineral,,,,,,295,,0.28,,0.49,,,,,,1,1,,,,MÖSSBAUER SPECTROSCOPY OF EARTH AND PLANETARY MATERIALS,"M. Darby Dyar, David G. Agresti, Martha W. Schaefer, Christopher A. Grant, Elizabeth C. Sklute",2006,review,10.1146/annurev.earth.34.031405.125049,
Arsenopyrite,Arsenopyrite,Mineral,,,,,,295,,0.3,,1.15,,,,,,1,1,,,,MÖSSBAUER SPECTROSCOPY OF EARTH AND PLANETARY MATERIALS,"M. Darby Dyar, David G. Agresti, Martha W. Schaefer, Christopher A. Grant, Elizabeth C. Sklute",2006,review,10.1146/annurev.earth.34.031405.125049,
Tochilinite,Tochilinite,Mineral,,,,,,295,,1.16,,2.77,,,,,,1,1,,,,MÖSSBAUER SPECTROSCOPY OF EARTH AND PLANETARY MATERIALS,"M. Darby Dyar, David G. Agresti, Martha W. Schaefer, Christopher A. Grant, Elizabeth C. Sklute",2006,review,10.1146/annurev.earth.34.031405.125049,
Franckeite,Franckeite,Mineral,,,,,,295,,0.23,,0.55,,,,,,1,2,,,,MÖSSBAUER SPECTROSCOPY OF EARTH AND PLANETARY MATERIALS,"M. Darby Dyar, David G. Agresti, Martha W. Schaefer, Christopher A. Grant, Elizabeth C. Sklute",2006,review,10.1146/annurev.earth.34.031405.125049,
Franckeite,Franckeite,Mineral,,,,,,295,,0.95,,1.77,,,,,,2,2,,,,MÖSSBAUER SPECTROSCOPY OF EARTH AND PLANETARY MATERIALS,"M. Darby Dyar, David G. Agresti, Martha W. Schaefer, Christopher A. Grant, Elizabeth C. Sklute",2006,review,10.1146/annurev.earth.34.031405.125049,
Tetrahedrite,Tetrahedrite,Mineral,,,,,,295,,0.34,,0.43,,,,,,1,2,,,,MÖSSBAUER SPECTROSCOPY OF EARTH AND PLANETARY MATERIALS,"M. Darby Dyar, David G. Agresti, Martha W. Schaefer, Christopher A. Grant, Elizabeth C. Sklute",2006,review,10.1146/annurev.earth.34.031405.125049,
Tetrahedrite,Tetrahedrite,Mineral,,,,,,295,,0.59,,2.54,,,,,,2,2,,,,MÖSSBAUER SPECTROSCOPY OF EARTH AND PLANETARY MATERIALS,"M. Darby Dyar, David G. Agresti, Martha W. Schaefer, Christopher A. Grant, Elizabeth C. Sklute",2006,review,10.1146/annurev.earth.34.031405.125049,
Tennantite,Tennantite,Mineral,,,,,,295,,0.53,,2.22,,,,,,1,3,,,,MÖSSBAUER SPECTROSCOPY OF EARTH AND PLANETARY MATERIALS,"M. Darby Dyar, David G. Agresti, Martha W. Schaefer, Christopher A. Grant, Elizabeth C. Sklute",2006,review,10.1146/annurev.earth.34.031405.125049,
Tennantite,Tennantite,Mineral,,,,,,295,,0.35,,0.29,,,,,,2,3,,,,MÖSSBAUER SPECTROSCOPY OF EARTH AND PLANETARY MATERIALS,"M. Darby Dyar, David G. Agresti, Martha W. Schaefer, Christopher A. Grant, Elizabeth C. Sklute",2006,review,10.1146/annurev.earth.34.031405.125049,
Tennantite,Tennantite,Mineral,,,,,,295,,0.49,,1.3,,,,,,3,3,,,,MÖSSBAUER SPECTROSCOPY OF EARTH AND PLANETARY MATERIALS,"M. Darby Dyar, David G. Agresti, Martha W. Schaefer, Christopher A. Grant, Elizabeth C. Sklute",2006,review,10.1146/annurev.earth.34.031405.125049,
Wüstite,Wüstite,Mineral,,,,,,295,,0.95,,0.44,,,,,,1,2,,,,MÖSSBAUER SPECTROSCOPY OF EARTH AND PLANETARY MATERIALS,"M. Darby Dyar, David G. Agresti, Martha W. Schaefer, Christopher A. Grant, Elizabeth C. Sklute",2006,review,10.1146/annurev.earth.34.031405.125049,
Wüstite,Wüstite,Mineral,,,,,,295,,0.9,,0.79,,,,,,2,2,,,,MÖSSBAUER SPECTROSCOPY OF EARTH AND PLANETARY MATERIALS,"M. Darby Dyar, David G. Agresti, Martha W. Schaefer, Christopher A. Grant, Elizabeth C. Sklute",2006,review,10.1146/annurev.earth.34.031405.125049,
Hematite,Hematite,Mineral,,,,,,295,,0.37,,-0.2,,,,51.8,,1,1,,,,MÖSSBAUER SPECTROSCOPY OF EARTH AND PLANETARY MATERIALS,"M. Darby Dyar, David G. Agresti, Martha W. Schaefer, Christopher A. Grant, Elizabeth C. Sklute",2006,review,10.1146/annurev.earth.34.031405.125049,
Ferrihydrite,Ferrihydrite,Mineral,,,,,,295,,0.35,,0.83,,,,,,1,3,,,,MÖSSBAUER SPECTROSCOPY OF EARTH AND PLANETARY MATERIALS,"M. Darby Dyar, David G. Agresti, Martha W. Schaefer, Christopher A. Grant, Elizabeth C. Sklute",2006,review,10.1146/annurev.earth.34.031405.125049,
Ferrihydrite,Ferrihydrite,Mineral,,,,,,295,,0.35,,0.9,,,,,,2,3,,,,MÖSSBAUER SPECTROSCOPY OF EARTH AND PLANETARY MATERIALS,"M. Darby Dyar, David G. Agresti, Martha W. Schaefer, Christopher A. Grant, Elizabeth C. Sklute",2006,review,10.1146/annurev.earth.34.031405.125049,
Ferrihydrite,Ferrihydrite,Mineral,,,,,,295,,0.36,,0.52,,,,,,3,3,,,,MÖSSBAUER SPECTROSCOPY OF EARTH AND PLANETARY MATERIALS,"M. Darby Dyar, David G. Agresti, Martha W. Schaefer, Christopher A. Grant, Elizabeth C. Sklute",2006,review,10.1146/annurev.earth.34.031405.125049,
Ilmenite,Ilmenite,Mineral,,,,,,295,,1.04,,0.7,,,,,,1,2,,,,MÖSSBAUER SPECTROSCOPY OF EARTH AND PLANETARY MATERIALS,"M. Darby Dyar, David G. Agresti, Martha W. Schaefer, Christopher A. Grant, Elizabeth C. Sklute",2006,review,10.1146/annurev.earth.34.031405.125049,
Ilmenite,Ilmenite,Mineral,,,,,,295,,0.2,,0.27,,,,,,2,2,,,,MÖSSBAUER SPECTROSCOPY OF EARTH AND PLANETARY MATERIALS,"M. Darby Dyar, David G. Agresti, Martha W. Schaefer, Christopher A. Grant, Elizabeth C. Sklute",2006,review,10.1146/annurev.earth.34.031405.125049,
Maghemite,Maghemite,Mineral,,,,,,295,,0.32,,0.02,,,,49.9,,1,1,,,,MÖSSBAUER SPECTROSCOPY OF EARTH AND PLANETARY MATERIALS,"M. Darby Dyar, David G. Agresti, Martha W. Schaefer, Christopher A. Grant, Elizabeth C. Sklute",2006,review,10.1146/annurev.earth.34.031405.125049,
Goethite,Goethite,Mineral,,,,,,295,,0.37,,-0.26,,,,38.2,,1,1,,,,MÖSSBAUER SPECTROSCOPY OF EARTH AND PLANETARY MATERIALS,"M. Darby Dyar, David G. Agresti, Martha W. Schaefer, Christopher A. Grant, Elizabeth C. Sklute",2006,review,10.1146/annurev.earth.34.031405.125049,
Lepidocrocite,Lepidocrocite,Mineral,,,,,,295,,0.37,,0.53,,,,,,1,1,,,,MÖSSBAUER SPECTROSCOPY OF EARTH AND PLANETARY MATERIALS,"M. Darby Dyar, David G. Agresti, Martha W. Schaefer, Christopher A. Grant, Elizabeth C. Sklute",2006,review,10.1146/annurev.earth.34.031405.125049,
Akaganeite,Akaganeite,Mineral,,,,,,295,,0.38,,0.55,,,,,,1,2,,,,MÖSSBAUER SPECTROSCOPY OF EARTH AND PLANETARY MATERIALS,"M. Darby Dyar, David G. Agresti, Martha W. Schaefer, Christopher A. Grant, Elizabeth C. Sklute",2006,review,10.1146/annurev.earth.34.031405.125049,
Akaganeite,Akaganeite,Mineral,,,,,,295,,0.37,,0.95,,,,,,2,2,,,,MÖSSBAUER SPECTROSCOPY OF EARTH AND PLANETARY MATERIALS,"M. Darby Dyar, David G. Agresti, Martha W. Schaefer, Christopher A. Grant, Elizabeth C. Sklute",2006,review,10.1146/annurev.earth.34.031405.125049,
Hercynite,Hercynite,Mineral,,,,,,295,,0.82,,1.62,,,,,,1,2,,,,MÖSSBAUER SPECTROSCOPY OF EARTH AND PLANETARY MATERIALS,"M. Darby Dyar, David G. Agresti, Martha W. Schaefer, Christopher A. Grant, Elizabeth C. Sklute",2006,review,10.1146/annurev.earth.34.031405.125049,
Hercynite,Hercynite,Mineral,,,,,,295,,1.18,,1.56,,,,,,2,2,,,,MÖSSBAUER SPECTROSCOPY OF EARTH AND PLANETARY MATERIALS,"M. Darby Dyar, David G. Agresti, Martha W. Schaefer, Christopher A. Grant, Elizabeth C. Sklute",2006,review,10.1146/annurev.earth.34.031405.125049,
Magnetite,Magnetite,Mineral,,,,,,295,,0.26,,-0.02,,,,49,,1,2,,,,MÖSSBAUER SPECTROSCOPY OF EARTH AND PLANETARY MATERIALS,"M. Darby Dyar, David G. Agresti, Martha W. Schaefer, Christopher A. Grant, Elizabeth C. Sklute",2006,review,10.1146/annurev.earth.34.031405.125049,
Magnetite,Magnetite,Mineral,,,,,,295,,0.67,,0,,,,46,,2,2,,,,MÖSSBAUER SPECTROSCOPY OF EARTH AND PLANETARY MATERIALS,"M. Darby Dyar, David G. Agresti, Martha W. Schaefer, Christopher A. Grant, Elizabeth C. Sklute",2006,review,10.1146/annurev.earth.34.031405.125049,
Spinel,Spinel,Mineral,M,,,,,295,,1.11,,1.75,,,,,,1,4,,,,MÖSSBAUER SPECTROSCOPY OF EARTH AND PLANETARY MATERIALS,"M. Darby Dyar, David G. Agresti, Martha W. Schaefer, Christopher A. Grant, Elizabeth C. Sklute",2006,review,10.1146/annurev.earth.34.031405.125049,
Spinel,Spinel,Mineral,T,,,,,295,,0.9,,0.96,,,,,,2,4,,,,MÖSSBAUER SPECTROSCOPY OF EARTH AND PLANETARY MATERIALS,"M. Darby Dyar, David G. Agresti, Martha W. Schaefer, Christopher A. Grant, Elizabeth C. Sklute",2006,review,10.1146/annurev.earth.34.031405.125049,
Spinel,Spinel,Mineral,T,,,,,295,,0.86,,1.63,,,,,,3,4,,,,MÖSSBAUER SPECTROSCOPY OF EARTH AND PLANETARY MATERIALS,"M. Darby Dyar, David G. Agresti, Martha W. Schaefer, Christopher A. Grant, Elizabeth C. Sklute",2006,review,10.1146/annurev.earth.34.031405.125049,
Spinel,Spinel,Mineral,M,,,,,295,,0.31,,0.79,,,,,,4,4,,,,MÖSSBAUER SPECTROSCOPY OF EARTH AND PLANETARY MATERIALS,"M. Darby Dyar, David G. Agresti, Martha W. Schaefer, Christopher A. Grant, Elizabeth C. Sklute",2006,review,10.1146/annurev.earth.34.031405.125049,
Chromite,Chromite,Mineral,,,,,,295,,0.32,,0.44,,,,,,1,4,,,,MÖSSBAUER SPECTROSCOPY OF EARTH AND PLANETARY MATERIALS,"M. Darby Dyar, David G. Agresti, Martha W. Schaefer, Christopher A. Grant, Elizabeth C. Sklute",2006,review,10.1146/annurev.earth.34.031405.125049,
Chromite,Chromite,Mineral,,,,,,295,,0.22,,0.91,,,,,,2,4,,,,MÖSSBAUER SPECTROSCOPY OF EARTH AND PLANETARY MATERIALS,"M. Darby Dyar, David G. Agresti, Martha W. Schaefer, Christopher A. Grant, Elizabeth C. Sklute",2006,review,10.1146/annurev.earth.34.031405.125049,
Chromite,Chromite,Mineral,,,,,,295,,0.96,,0.5,,,,,,3,4,,,,MÖSSBAUER SPECTROSCOPY OF EARTH AND PLANETARY MATERIALS,"M. Darby Dyar, David G. Agresti, Martha W. Schaefer, Christopher A. Grant, Elizabeth C. Sklute",2006,review,10.1146/annurev.earth.34.031405.125049,
Chromite,Chromite,Mineral,,,,,,295,,0.9,,1.15,,,,,,4,4,,,,MÖSSBAUER SPECTROSCOPY OF EARTH AND PLANETARY MATERIALS,"M. Darby Dyar, David G. Agresti, Martha W. Schaefer, Christopher A. Grant, Elizabeth C. Sklute",2006,review,10.1146/annurev.earth.34.031405.125049,
Ulvöspinel,Ulvöspinel,Mineral,,,,,,295,,1.07,,1.85,,,,,,1,1,,,,MÖSSBAUER SPECTROSCOPY OF EARTH AND PLANETARY MATERIALS,"M. Darby Dyar, David G. Agresti, Martha W. Schaefer, Christopher A. Grant, Elizabeth C. Sklute",2006,review,10.1146/annurev.earth.34.031405.125049,
Columbite,Columbite,Mineral,,,,,,295,,1.15,,1.55,,,,,,1,1,,,,MÖSSBAUER SPECTROSCOPY OF EARTH AND PLANETARY MATERIALS,"M. Darby Dyar, David G. Agresti, Martha W. Schaefer, Christopher A. Grant, Elizabeth C. Sklute",2006,review,10.1146/annurev.earth.34.031405.125049,
Siderite,Siderite,Mineral,,,,,,295,,1.22,,1.8,,,,,,1,1,,,,MÖSSBAUER SPECTROSCOPY OF EARTH AND PLANETARY MATERIALS,"M. Darby Dyar, David G. Agresti, Martha W. Schaefer, Christopher A. Grant, Elizabeth C. Sklute",2006,review,10.1146/annurev.earth.34.031405.125049,
Ankerite,Ankerite,Mineral,,,,,,295,,1.23,,1.5,,,,,,1,1,,,,MÖSSBAUER SPECTROSCOPY OF EARTH AND PLANETARY MATERIALS,"M. Darby Dyar, David G. Agresti, Martha W. Schaefer, Christopher A. Grant, Elizabeth C. Sklute",2006,review,10.1146/annurev.earth.34.031405.125049,
Szomolnokite,Szomolnokite,Mineral,,,,,,295,,1.28,,2.75,,,,,,1,2,,,,MÖSSBAUER SPECTROSCOPY OF EARTH AND PLANETARY MATERIALS,"M. Darby Dyar, David G. Agresti, Martha W. Schaefer, Christopher A. Grant, Elizabeth C. Sklute",2006,review,10.1146/annurev.earth.34.031405.125049,
Szomolnokite,Szomolnokite,Mineral,,,,,,295,,0.65,,0.35,,,,,,2,2,,,,MÖSSBAUER SPECTROSCOPY OF EARTH AND PLANETARY MATERIALS,"M. Darby Dyar, David G. Agresti, Martha W. Schaefer, Christopher A. Grant, Elizabeth C. Sklute",2006,review,10.1146/annurev.earth.34.031405.125049,
Römerite,Römerite,Mineral,,,,,,295,,1.29,,3.3,,,,,,1,4,,,,MÖSSBAUER SPECTROSCOPY OF EARTH AND PLANETARY MATERIALS,"M. Darby Dyar, David G. Agresti, Martha W. Schaefer, Christopher A. Grant, Elizabeth C. Sklute",2006,review,10.1146/annurev.earth.34.031405.125049,
Römerite,Römerite,Mineral,,,,,,295,,1.27,,2.76,,,,,,2,4,,,,MÖSSBAUER SPECTROSCOPY OF EARTH AND PLANETARY MATERIALS,"M. Darby Dyar, David G. Agresti, Martha W. Schaefer, Christopher A. Grant, Elizabeth C. Sklute",2006,review,10.1146/annurev.earth.34.031405.125049,
Römerite,Römerite,Mineral,,,,,,295,,0.39,,0.35,,,,,,3,4,,,,MÖSSBAUER SPECTROSCOPY OF EARTH AND PLANETARY MATERIALS,"M. Darby Dyar, David G. Agresti, Martha W. Schaefer, Christopher A. Grant, Elizabeth C. Sklute",2006,review,10.1146/annurev.earth.34.031405.125049,
Römerite,Römerite,Mineral,,,,,,295,,0.13,,0.49,,,,,,4,4,,,,MÖSSBAUER SPECTROSCOPY OF EARTH AND PLANETARY MATERIALS,"M. Darby Dyar, David G. Agresti, Martha W. Schaefer, Christopher A. Grant, Elizabeth C. Sklute",2006,review,10.1146/annurev.earth.34.031405.125049,
Melanterite,Melanterite,Mineral,,,,,,295,,1.25,,2.86,,,,,,1,4,,,,MÖSSBAUER SPECTROSCOPY OF EARTH AND PLANETARY MATERIALS,"M. Darby Dyar, David G. Agresti, Martha W. Schaefer, Christopher A. Grant, Elizabeth C. Sklute",2006,review,10.1146/annurev.earth.34.031405.125049,
Melanterite,Melanterite,Mineral,,,,,,295,,1.27,,3.5,,,,,,2,4,,,,MÖSSBAUER SPECTROSCOPY OF EARTH AND PLANETARY MATERIALS,"M. Darby Dyar, David G. Agresti, Martha W. Schaefer, Christopher A. Grant, Elizabeth C. Sklute",2006,review,10.1146/annurev.earth.34.031405.125049,
Melanterite,Melanterite,Mineral,,,,,,295,,0.46,,0.67,,,,,,3,4,,,,MÖSSBAUER SPECTROSCOPY OF EARTH AND PLANETARY MATERIALS,"M. Darby Dyar, David G. Agresti, Martha W. Schaefer, Christopher A. Grant, Elizabeth C. Sklute",2006,review,10.1146/annurev.earth.34.031405.125049,
Melanterite,Melanterite,Mineral,,,,,,295,,0.18,,0.46,,,,,,4,4,,,,MÖSSBAUER SPECTROSCOPY OF EARTH AND PLANETARY MATERIALS,"M. Darby Dyar, David G. Agresti, Martha W. Schaefer, Christopher A. Grant, Elizabeth C. Sklute",2006,review,10.1146/annurev.earth.34.031405.125049,
Halotrichite,Halotrichite,Mineral,,,,,,295,,1.28,,2.73,,,,,,1,5,,,,MÖSSBAUER SPECTROSCOPY OF EARTH AND PLANETARY MATERIALS,"M. Darby Dyar, David G. Agresti, Martha W. Schaefer, Christopher A. Grant, Elizabeth C. Sklute",2006,review,10.1146/annurev.earth.34.031405.125049,
Halotrichite,Halotrichite,Mineral,,,,,,295,,1.3,,3.35,,,,,,2,5,,,,MÖSSBAUER SPECTROSCOPY OF EARTH AND PLANETARY MATERIALS,"M. Darby Dyar, David G. Agresti, Martha W. Schaefer, Christopher A. Grant, Elizabeth C. Sklute",2006,review,10.1146/annurev.earth.34.031405.125049,
Halotrichite,Halotrichite,Mineral,,,,,,295,,1.32,,1.7,,,,,,3,5,,,,MÖSSBAUER SPECTROSCOPY OF EARTH AND PLANETARY MATERIALS,"M. Darby Dyar, David G. Agresti, Martha W. Schaefer, Christopher A. Grant, Elizabeth C. Sklute",2006,review,10.1146/annurev.earth.34.031405.125049,
Halotrichite,Halotrichite,Mineral,,,,,,295,,0.45,,0.36,,,,,,4,5,,,,MÖSSBAUER SPECTROSCOPY OF EARTH AND PLANETARY MATERIALS,"M. Darby Dyar, David G. Agresti, Martha W. Schaefer, Christopher A. Grant, Elizabeth C. Sklute",2006,review,10.1146/annurev.earth.34.031405.125049,
Halotrichite,Halotrichite,Mineral,,,,,,295,,0.14,,0.51,,,,,,5,5,,,,MÖSSBAUER SPECTROSCOPY OF EARTH AND PLANETARY MATERIALS,"M. Darby Dyar, David G. Agresti, Martha W. Schaefer, Christopher A. Grant, Elizabeth C. Sklute",2006,review,10.1146/annurev.earth.34.031405.125049,
Coquimbite,Coquimbite,Mineral,,,,,,295,,0.11,,0.63,,,,,,1,3,,,,MÖSSBAUER SPECTROSCOPY OF EARTH AND PLANETARY MATERIALS,"M. Darby Dyar, David G. Agresti, Martha W. Schaefer, Christopher A. Grant, Elizabeth C. Sklute",2006,review,10.1146/annurev.earth.34.031405.125049,
Coquimbite,Coquimbite,Mineral,,,,,,295,,0.46,,0.38,,,,,,2,3,,,,MÖSSBAUER SPECTROSCOPY OF EARTH AND PLANETARY MATERIALS,"M. Darby Dyar, David G. Agresti, Martha W. Schaefer, Christopher A. Grant, Elizabeth C. Sklute",2006,review,10.1146/annurev.earth.34.031405.125049,
Coquimbite,Coquimbite,Mineral,,,,,,295,,0.27,,0.52,,,,,,3,3,,,,MÖSSBAUER SPECTROSCOPY OF EARTH AND PLANETARY MATERIALS,"M. Darby Dyar, David G. Agresti, Martha W. Schaefer, Christopher A. Grant, Elizabeth C. Sklute",2006,review,10.1146/annurev.earth.34.031405.125049,
Voltaite,Voltaite,Mineral,,,,,,295,,1.22,,1.58,,,,,,1,4,,,,MÖSSBAUER SPECTROSCOPY OF EARTH AND PLANETARY MATERIALS,"M. Darby Dyar, David G. Agresti, Martha W. Schaefer, Christopher A. Grant, Elizabeth C. Sklute",2006,review,10.1146/annurev.earth.34.031405.125049,
Voltaite,Voltaite,Mineral,,,,,,295,,1.34,,1.79,,,,,,2,4,,,,MÖSSBAUER SPECTROSCOPY OF EARTH AND PLANETARY MATERIALS,"M. Darby Dyar, David G. Agresti, Martha W. Schaefer, Christopher A. Grant, Elizabeth C. Sklute",2006,review,10.1146/annurev.earth.34.031405.125049,
Voltaite,Voltaite,Mineral,,,,,,295,,0.46,,0.41,,,,,,3,4,,,,MÖSSBAUER SPECTROSCOPY OF EARTH AND PLANETARY MATERIALS,"M. Darby Dyar, David G. Agresti, Martha W. Schaefer, Christopher A. Grant, Elizabeth C. Sklute",2006,review,10.1146/annurev.earth.34.031405.125049,
Voltaite,Voltaite,Mineral,,,,,,295,,0.17,,0.65,,,,,,4,4,,,,MÖSSBAUER SPECTROSCOPY OF EARTH AND PLANETARY MATERIALS,"M. Darby Dyar, David G. Agresti, Martha W. Schaefer, Christopher A. Grant, Elizabeth C. Sklute",2006,review,10.1146/annurev.earth.34.031405.125049,
Jarosite,Jarosite,Mineral,,,,,,295,,0.37,,1.2,,,,,,1,1,,,,MÖSSBAUER SPECTROSCOPY OF EARTH AND PLANETARY MATERIALS,"M. Darby Dyar, David G. Agresti, Martha W. Schaefer, Christopher A. Grant, Elizabeth C. Sklute",2006,review,10.1146/annurev.earth.34.031405.125049,
Phosphoferrite,Phosphoferrite,Mineral,,,,,,295,,0.19,,2.45,,,,,,1,2,,,,MÖSSBAUER SPECTROSCOPY OF EARTH AND PLANETARY MATERIALS,"M. Darby Dyar, David G. Agresti, Martha W. Schaefer, Christopher A. Grant, Elizabeth C. Sklute",2006,review,10.1146/annurev.earth.34.031405.125049,
Phosphoferrite,Phosphoferrite,Mineral,,,,,,295,,0.19,,1.57,,,,,,2,2,,,,MÖSSBAUER SPECTROSCOPY OF EARTH AND PLANETARY MATERIALS,"M. Darby Dyar, David G. Agresti, Martha W. Schaefer, Christopher A. Grant, Elizabeth C. Sklute",2006,review,10.1146/annurev.earth.34.031405.125049,
Vivianite,Vivianite,Mineral,,,,,,295,,1.21,,2.98,,,,,,1,4,,,,MÖSSBAUER SPECTROSCOPY OF EARTH AND PLANETARY MATERIALS,"M. Darby Dyar, David G. Agresti, Martha W. Schaefer, Christopher A. Grant, Elizabeth C. Sklute",2006,review,10.1146/annurev.earth.34.031405.125049,
Vivianite,Vivianite,Mineral,,,,,,295,,1.18,,2.45,,,,,,2,4,,,,MÖSSBAUER SPECTROSCOPY OF EARTH AND PLANETARY MATERIALS,"M. Darby Dyar, David G. Agresti, Martha W. Schaefer, Christopher A. Grant, Elizabeth C. Sklute",2006,review,10.1146/annurev.earth.34.031405.125049,
Vivianite,Vivianite,Mineral,,,,,,295,,0.38,,1.06,,,,,,3,4,,,,MÖSSBAUER SPECTROSCOPY OF EARTH AND PLANETARY MATERIALS,"M. Darby Dyar, David G. Agresti, Martha W. Schaefer, Christopher A. Grant, Elizabeth C. Sklute",2006,review,10.1146/annurev.earth.34.031405.125049,
Vivianite,Vivianite,Mineral,,,,,,295,,0.4,,0.61,,,,,,4,4,,,,MÖSSBAUER SPECTROSCOPY OF EARTH AND PLANETARY MATERIALS,"M. Darby Dyar, David G. Agresti, Martha W. Schaefer, Christopher A. Grant, Elizabeth C. Sklute",2006,review,10.1146/annurev.earth.34.031405.125049,
Lazulite,Lazulite,Mineral,,,,,,295,,1.12,,3.32,,,,,,1,2,,,,MÖSSBAUER SPECTROSCOPY OF EARTH AND PLANETARY MATERIALS,"M. Darby Dyar, David G. Agresti, Martha W. Schaefer, Christopher A. Grant, Elizabeth C. Sklute",2006,review,10.1146/annurev.earth.34.031405.125049,
Lazulite,Lazulite,Mineral,,,,,,295,,0.4,,0.47,,,,,,2,2,,,,MÖSSBAUER SPECTROSCOPY OF EARTH AND PLANETARY MATERIALS,"M. Darby Dyar, David G. Agresti, Martha W. Schaefer, Christopher A. Grant, Elizabeth C. Sklute",2006,review,10.1146/annurev.earth.34.031405.125049,
Strunzite,Strunzite,Mineral,,,,,,295,,0.38,,1.37,,,,,,1,3,,,,MÖSSBAUER SPECTROSCOPY OF EARTH AND PLANETARY MATERIALS,"M. Darby Dyar, David G. Agresti, Martha W. Schaefer, Christopher A. Grant, Elizabeth C. Sklute",2006,review,10.1146/annurev.earth.34.031405.125049,
Strunzite,Strunzite,Mineral,,,,,,295,,0.41,,0.9,,,,,,2,3,,,,MÖSSBAUER SPECTROSCOPY OF EARTH AND PLANETARY MATERIALS,"M. Darby Dyar, David G. Agresti, Martha W. Schaefer, Christopher A. Grant, Elizabeth C. Sklute",2006,review,10.1146/annurev.earth.34.031405.125049,
Strunzite,Strunzite,Mineral,,,,,,295,,0.41,,0.36,,,,,,3,3,,,,MÖSSBAUER SPECTROSCOPY OF EARTH AND PLANETARY MATERIALS,"M. Darby Dyar, David G. Agresti, Martha W. Schaefer, Christopher A. Grant, Elizabeth C. Sklute",2006,review,10.1146/annurev.earth.34.031405.125049,
Ferberite,Ferberite,Mineral,,,,,,295,,1.11,,1.49,,,,,,1,1,,,,MÖSSBAUER SPECTROSCOPY OF EARTH AND PLANETARY MATERIALS,"M. Darby Dyar, David G. Agresti, Martha W. Schaefer, Christopher A. Grant, Elizabeth C. Sklute",2006,review,10.1146/annurev.earth.34.031405.125049,
Willemite,Willemite,Mineral,,,,,,295,,1.02,,2.92,,,,,,1,3,,,,MÖSSBAUER SPECTROSCOPY OF EARTH AND PLANETARY MATERIALS,"M. Darby Dyar, David G. Agresti, Martha W. Schaefer, Christopher A. Grant, Elizabeth C. Sklute",2006,review,10.1146/annurev.earth.34.031405.125049,
Willemite,Willemite,Mineral,,,,,,295,,1.09,,2.57,,,,,,2,3,,,,MÖSSBAUER SPECTROSCOPY OF EARTH AND PLANETARY MATERIALS,"M. Darby Dyar, David G. Agresti, Martha W. Schaefer, Christopher A. Grant, Elizabeth C. Sklute",2006,review,10.1146/annurev.earth.34.031405.125049,
Willemite,Willemite,Mineral,,,,,,295,,0.35,,0.34,,,,,,3,3,,,,MÖSSBAUER SPECTROSCOPY OF EARTH AND PLANETARY MATERIALS,"M. Darby Dyar, David G. Agresti, Martha W. Schaefer, Christopher A. Grant, Elizabeth C. Sklute",2006,review,10.1146/annurev.earth.34.031405.125049,
Fayalite,Fayalite,Mineral,M,,,,,295,,1.14,,3.1,,,,,,1,1,,,,MÖSSBAUER SPECTROSCOPY OF EARTH AND PLANETARY MATERIALS,"M. Darby Dyar, David G. Agresti, Martha W. Schaefer, Christopher A. Grant, Elizabeth C. Sklute",2006,review,10.1146/annurev.earth.34.031405.125049,
Forsterite,Forsterite,Mineral,M,,,,,295,,1.14,,2.93,,,,,,1,1,,,,MÖSSBAUER SPECTROSCOPY OF EARTH AND PLANETARY MATERIALS,"M. Darby Dyar, David G. Agresti, Martha W. Schaefer, Christopher A. Grant, Elizabeth C. Sklute",2006,review,10.1146/annurev.earth.34.031405.125049,
Zircon,Zircon,Mineral,,,,,,295,,0.27,,1.03,,,,,,1,1,,,,MÖSSBAUER SPECTROSCOPY OF EARTH AND PLANETARY MATERIALS,"M. Darby Dyar, David G. Agresti, Martha W. Schaefer, Christopher A. Grant, Elizabeth C. Sklute",2006,review,10.1146/annurev.earth.34.031405.125049,
Zircon,Zircon,Mineral,,,,,,295,,0.21,,,,,,51.83,,2,1,,,,MÖSSBAUER SPECTROSCOPY OF EARTH AND PLANETARY MATERIALS,"M. Darby Dyar, David G. Agresti, Martha W. Schaefer, Christopher A. Grant, Elizabeth C. Sklute",2006,review,10.1146/annurev.earth.34.031405.125049,
Almandine,Almandine,Mineral,8,,,,,295,,1.29,,3.53,,,,,,1,1,,,,MÖSSBAUER SPECTROSCOPY OF EARTH AND PLANETARY MATERIALS,"M. Darby Dyar, David G. Agresti, Martha W. Schaefer, Christopher A. Grant, Elizabeth C. Sklute",2006,review,10.1146/annurev.earth.34.031405.125049,
Andradite,Andradite,Mineral,M,,,,,295,,0.4,,0.55,,,,,,1,1,,,,MÖSSBAUER SPECTROSCOPY OF EARTH AND PLANETARY MATERIALS,"M. Darby Dyar, David G. Agresti, Martha W. Schaefer, Christopher A. Grant, Elizabeth C. Sklute",2006,review,10.1146/annurev.earth.34.031405.125049,
Staurolite,Staurolite,Mineral,Fe1,,,,,295,,0.98,,2.44,,,,,,1,6,,,,MÖSSBAUER SPECTROSCOPY OF EARTH AND PLANETARY MATERIALS,"M. Darby Dyar, David G. Agresti, Martha W. Schaefer, Christopher A. Grant, Elizabeth C. Sklute",2006,review,10.1146/annurev.earth.34.031405.125049,
Staurolite,Staurolite,Mineral,Fe3,,,,,295,,0.98,,2.08,,,,,,2,6,,,,MÖSSBAUER SPECTROSCOPY OF EARTH AND PLANETARY MATERIALS,"M. Darby Dyar, David G. Agresti, Martha W. Schaefer, Christopher A. Grant, Elizabeth C. Sklute",2006,review,10.1146/annurev.earth.34.031405.125049,
Staurolite,Staurolite,Mineral,Fe2,,,,,295,,0.97,,1.55,,,,,,3,6,,,,MÖSSBAUER SPECTROSCOPY OF EARTH AND PLANETARY MATERIALS,"M. Darby Dyar, David G. Agresti, Martha W. Schaefer, Christopher A. Grant, Elizabeth C. Sklute",2006,review,10.1146/annurev.earth.34.031405.125049,
Staurolite,Staurolite,Mineral,Fe,,,,,295,,0.89,,0.93,,,,,,4,6,,,,MÖSSBAUER SPECTROSCOPY OF EARTH AND PLANETARY MATERIALS,"M. Darby Dyar, David G. Agresti, Martha W. Schaefer, Christopher A. Grant, Elizabeth C. Sklute",2006,review,10.1146/annurev.earth.34.031405.125049,
Staurolite,Staurolite,Mineral,M,,,,,295,,1.05,,0.83,,,,,,5,6,,,,MÖSSBAUER SPECTROSCOPY OF EARTH AND PLANETARY MATERIALS,"M. Darby Dyar, David G. Agresti, Martha W. Schaefer, Christopher A. Grant, Elizabeth C. Sklute",2006,review,10.1146/annurev.earth.34.031405.125049,
Staurolite,Staurolite,Mineral,T,,,,,295,,0.11,,0.79,,,,,,6,6,,,,MÖSSBAUER SPECTROSCOPY OF EARTH AND PLANETARY MATERIALS,"M. Darby Dyar, David G. Agresti, Martha W. Schaefer, Christopher A. Grant, Elizabeth C. Sklute",2006,review,10.1146/annurev.earth.34.031405.125049,
Chloritoid,Chloritoid,Mineral,M,,,,,295,,0.12,,2.42,,,,,,1,2,,,,MÖSSBAUER SPECTROSCOPY OF EARTH AND PLANETARY MATERIALS,"M. Darby Dyar, David G. Agresti, Martha W. Schaefer, Christopher A. Grant, Elizabeth C. Sklute",2006,review,10.1146/annurev.earth.34.031405.125049,
Chloritoid,Chloritoid,Mineral,M,,,,,295,,0.29,,0.96,,,,,,2,2,,,,MÖSSBAUER SPECTROSCOPY OF EARTH AND PLANETARY MATERIALS,"M. Darby Dyar, David G. Agresti, Martha W. Schaefer, Christopher A. Grant, Elizabeth C. Sklute",2006,review,10.1146/annurev.earth.34.031405.125049,
Pumpellyite,Pumpellyite,Mineral,,,,,,295,,0.42,,1.7,,,,,,1,4,,,,MÖSSBAUER SPECTROSCOPY OF EARTH AND PLANETARY MATERIALS,"M. Darby Dyar, David G. Agresti, Martha W. Schaefer, Christopher A. Grant, Elizabeth C. Sklute",2006,review,10.1146/annurev.earth.34.031405.125049,
Pumpellyite,Pumpellyite,Mineral,,,,,,295,,0.34,,1.14,,,,,,2,4,,,,MÖSSBAUER SPECTROSCOPY OF EARTH AND PLANETARY MATERIALS,"M. Darby Dyar, David G. Agresti, Martha W. Schaefer, Christopher A. Grant, Elizabeth C. Sklute",2006,review,10.1146/annurev.earth.34.031405.125049,
Pumpellyite,Pumpellyite,Mineral,,,,,,295,,1.2,,2.56,,,,,,3,4,,,,MÖSSBAUER SPECTROSCOPY OF EARTH AND PLANETARY MATERIALS,"M. Darby Dyar, David G. Agresti, Martha W. Schaefer, Christopher A. Grant, Elizabeth C. Sklute",2006,review,10.1146/annurev.earth.34.031405.125049,
Pumpellyite,Pumpellyite,Mineral,,,,,,295,,1.09,,3.33,,,,,,4,4,,,,MÖSSBAUER SPECTROSCOPY OF EARTH AND PLANETARY MATERIALS,"M. Darby Dyar, David G. Agresti, Martha W. Schaefer, Christopher A. Grant, Elizabeth C. Sklute",2006,review,10.1146/annurev.earth.34.031405.125049,
Epidote,Epidote,Mineral,M,,,,,295,,1.07,,1.62,,,,,,1,3,,,,MÖSSBAUER SPECTROSCOPY OF EARTH AND PLANETARY MATERIALS,"M. Darby Dyar, David G. Agresti, Martha W. Schaefer, Christopher A. Grant, Elizabeth C. Sklute",2006,review,10.1146/annurev.earth.34.031405.125049,
Epidote,Epidote,Mineral,M,,,,,295,,0.36,,1.78,,,,,,2,3,,,,MÖSSBAUER SPECTROSCOPY OF EARTH AND PLANETARY MATERIALS,"M. Darby Dyar, David G. Agresti, Martha W. Schaefer, Christopher A. Grant, Elizabeth C. Sklute",2006,review,10.1146/annurev.earth.34.031405.125049,
Epidote,Epidote,Mineral,M,,,,,295,,0.33,,0.85,,,,,,3,3,,,,MÖSSBAUER SPECTROSCOPY OF EARTH AND PLANETARY MATERIALS,"M. Darby Dyar, David G. Agresti, Martha W. Schaefer, Christopher A. Grant, Elizabeth C. Sklute",2006,review,10.1146/annurev.earth.34.031405.125049,
Ferroaxinite,Ferroaxinite,Mineral,,,,,,295,,1.3,,2.12,,,,,,1,2,,,,MÖSSBAUER SPECTROSCOPY OF EARTH AND PLANETARY MATERIALS,"M. Darby Dyar, David G. Agresti, Martha W. Schaefer, Christopher A. Grant, Elizabeth C. Sklute",2006,review,10.1146/annurev.earth.34.031405.125049,
Ferroaxinite,Ferroaxinite,Mineral,,,,,,295,,0.57,,0.39,,,,,,2,2,,,,MÖSSBAUER SPECTROSCOPY OF EARTH AND PLANETARY MATERIALS,"M. Darby Dyar, David G. Agresti, Martha W. Schaefer, Christopher A. Grant, Elizabeth C. Sklute",2006,review,10.1146/annurev.earth.34.031405.125049,
Schorl (tourmaline),Schorl (tourmaline),Mineral,T,,,,,295,,0.17,,0.51,,,,,,1,6,,,,MÖSSBAUER SPECTROSCOPY OF EARTH AND PLANETARY MATERIALS,"M. Darby Dyar, David G. Agresti, Martha W. Schaefer, Christopher A. Grant, Elizabeth C. Sklute",2006,review,10.1146/annurev.earth.34.031405.125049,
Schorl (tourmaline),Schorl (tourmaline),Mineral,Y,,,,,295,,0.43,,0.82,,,,,,2,6,,,,MÖSSBAUER SPECTROSCOPY OF EARTH AND PLANETARY MATERIALS,"M. Darby Dyar, David G. Agresti, Martha W. Schaefer, Christopher A. Grant, Elizabeth C. Sklute",2006,review,10.1146/annurev.earth.34.031405.125049,
Schorl (tourmaline),Schorl (tourmaline),Mineral,ED,,,,,295,,0.77,,1.21,,,,,,3,6,,,,MÖSSBAUER SPECTROSCOPY OF EARTH AND PLANETARY MATERIALS,"M. Darby Dyar, David G. Agresti, Martha W. Schaefer, Christopher A. Grant, Elizabeth C. Sklute",2006,review,10.1146/annurev.earth.34.031405.125049,
Schorl (tourmaline),Schorl (tourmaline),Mineral,Y,,,,,295,,1.09,,2.47,,,,,,4,6,,,,MÖSSBAUER SPECTROSCOPY OF EARTH AND PLANETARY MATERIALS,"M. Darby Dyar, David G. Agresti, Martha W. Schaefer, Christopher A. Grant, Elizabeth C. Sklute",2006,review,10.1146/annurev.earth.34.031405.125049,
Schorl (tourmaline),Schorl (tourmaline),Mineral,Y,,,,,295,,1.09,,2.19,,,,,,5,6,,,,MÖSSBAUER SPECTROSCOPY OF EARTH AND PLANETARY MATERIALS,"M. Darby Dyar, David G. Agresti, Martha W. Schaefer, Christopher A. Grant, Elizabeth C. Sklute",2006,review,10.1146/annurev.earth.34.031405.125049,
Schorl (tourmaline),Schorl (tourmaline),Mineral,Y,,,,,295,,1.07,,1.6,,,,,,6,6,,,,MÖSSBAUER SPECTROSCOPY OF EARTH AND PLANETARY MATERIALS,"M. Darby Dyar, David G. Agresti, Martha W. Schaefer, Christopher A. Grant, Elizabeth C. Sklute",2006,review,10.1146/annurev.earth.34.031405.125049,
Beryl,Beryl,Mineral,,,,,,295,,1.16,,2.7,,,,,,1,2,,,,MÖSSBAUER SPECTROSCOPY OF EARTH AND PLANETARY MATERIALS,"M. Darby Dyar, David G. Agresti, Martha W. Schaefer, Christopher A. Grant, Elizabeth C. Sklute",2006,review,10.1146/annurev.earth.34.031405.125049,
Beryl,Beryl,Mineral,,,,,,295,,0.59,,0.86,,,,,,2,2,,,,MÖSSBAUER SPECTROSCOPY OF EARTH AND PLANETARY MATERIALS,"M. Darby Dyar, David G. Agresti, Martha W. Schaefer, Christopher A. Grant, Elizabeth C. Sklute",2006,review,10.1146/annurev.earth.34.031405.125049,
Cordierite,Cordierite,Mineral,,,,,,295,,1.19,,2.3,,,,,,1,1,,,,MÖSSBAUER SPECTROSCOPY OF EARTH AND PLANETARY MATERIALS,"M. Darby Dyar, David G. Agresti, Martha W. Schaefer, Christopher A. Grant, Elizabeth C. Sklute",2006,review,10.1146/annurev.earth.34.031405.125049,
Ferrosilite,Ferrosilite,Mineral,M1,,,,,295,,1.18,,2.49,,,,,,1,2,,,,MÖSSBAUER SPECTROSCOPY OF EARTH AND PLANETARY MATERIALS,"M. Darby Dyar, David G. Agresti, Martha W. Schaefer, Christopher A. Grant, Elizabeth C. Sklute",2006,review,10.1146/annurev.earth.34.031405.125049,
Ferrosilite,Ferrosilite,Mineral,M2,,,,,295,,1.13,,1.91,,,,,,2,2,,,,MÖSSBAUER SPECTROSCOPY OF EARTH AND PLANETARY MATERIALS,"M. Darby Dyar, David G. Agresti, Martha W. Schaefer, Christopher A. Grant, Elizabeth C. Sklute",2006,review,10.1146/annurev.earth.34.031405.125049,
Hedenbergite,Hedenbergite,Mineral,M1,,,,,295,,1.18,,2.21,,,,,,1,2,,,,MÖSSBAUER SPECTROSCOPY OF EARTH AND PLANETARY MATERIALS,"M. Darby Dyar, David G. Agresti, Martha W. Schaefer, Christopher A. Grant, Elizabeth C. Sklute",2006,review,10.1146/annurev.earth.34.031405.125049,
Hedenbergite,Hedenbergite,Mineral,M1,,,,,295,,0.34,,0.68,,,,,,2,2,,,,MÖSSBAUER SPECTROSCOPY OF EARTH AND PLANETARY MATERIALS,"M. Darby Dyar, David G. Agresti, Martha W. Schaefer, Christopher A. Grant, Elizabeth C. Sklute",2006,review,10.1146/annurev.earth.34.031405.125049,
Diopside,Diopside,Mineral,M1,,,,,295,,1.16,,1.87,,,,,,1,2,,,,MÖSSBAUER SPECTROSCOPY OF EARTH AND PLANETARY MATERIALS,"M. Darby Dyar, David G. Agresti, Martha W. Schaefer, Christopher A. Grant, Elizabeth C. Sklute",2006,review,10.1146/annurev.earth.34.031405.125049,
Diopside,Diopside,Mineral,M2,,,,,295,,1.15,,2.14,,,,,,2,2,,,,MÖSSBAUER SPECTROSCOPY OF EARTH AND PLANETARY MATERIALS,"M. Darby Dyar, David G. Agresti, Martha W. Schaefer, Christopher A. Grant, Elizabeth C. Sklute",2006,review,10.1146/annurev.earth.34.031405.125049,
Babingtonite,Babingtonite,Mineral,M,,,,,295,,0.3,,0.77,,,,,,1,3,,,,MÖSSBAUER SPECTROSCOPY OF EARTH AND PLANETARY MATERIALS,"M. Darby Dyar, David G. Agresti, Martha W. Schaefer, Christopher A. Grant, Elizabeth C. Sklute",2006,review,10.1146/annurev.earth.34.031405.125049,
Babingtonite,Babingtonite,Mineral,M,,,,,295,,0.4,,0.84,,,,,,2,3,,,,MÖSSBAUER SPECTROSCOPY OF EARTH AND PLANETARY MATERIALS,"M. Darby Dyar, David G. Agresti, Martha W. Schaefer, Christopher A. Grant, Elizabeth C. Sklute",2006,review,10.1146/annurev.earth.34.031405.125049,
Babingtonite,Babingtonite,Mineral,M,,,,,295,,1.2,,2.41,,,,,,3,3,,,,MÖSSBAUER SPECTROSCOPY OF EARTH AND PLANETARY MATERIALS,"M. Darby Dyar, David G. Agresti, Martha W. Schaefer, Christopher A. Grant, Elizabeth C. Sklute",2006,review,10.1146/annurev.earth.34.031405.125049,
Tremolite-actinolite,Tremolite-actinolite,Mineral,M1,,,,,295,,1.11,,2.85,,,,,,1,3,,,,MÖSSBAUER SPECTROSCOPY OF EARTH AND PLANETARY MATERIALS,"M. Darby Dyar, David G. Agresti, Martha W. Schaefer, Christopher A. Grant, Elizabeth C. Sklute",2006,review,10.1146/annurev.earth.34.031405.125049,
Tremolite-actinolite,Tremolite-actinolite,Mineral,M2,,,,,295,,1.12,,1.8,,,,,,2,3,,,,MÖSSBAUER SPECTROSCOPY OF EARTH AND PLANETARY MATERIALS,"M. Darby Dyar, David G. Agresti, Martha W. Schaefer, Christopher A. Grant, Elizabeth C. Sklute",2006,review,10.1146/annurev.earth.34.031405.125049,
Tremolite-actinolite,Tremolite-actinolite,Mineral,M3,,,,,295,,1.11,,2.4,,,,,,3,3,,,,MÖSSBAUER SPECTROSCOPY OF EARTH AND PLANETARY MATERIALS,"M. Darby Dyar, David G. Agresti, Martha W. Schaefer, Christopher A. Grant, Elizabeth C. Sklute",2006,review,10.1146/annurev.earth.34.031405.125049,
Kaersutite,Kaersutite,Mineral,M,,,,,295,,1.11,,2.05,,,,,,1,3,,,,MÖSSBAUER SPECTROSCOPY OF EARTH AND PLANETARY MATERIALS,"M. Darby Dyar, David G. Agresti, Martha W. Schaefer, Christopher A. Grant, Elizabeth C. Sklute",2006,review,10.1146/annurev.earth.34.031405.125049,
Kaersutite,Kaersutite,Mineral,M,,,,,295,,1.06,,2.41,,,,,,2,3,,,,MÖSSBAUER SPECTROSCOPY OF EARTH AND PLANETARY MATERIALS,"M. Darby Dyar, David G. Agresti, Martha W. Schaefer, Christopher A. Grant, Elizabeth C. Sklute",2006,review,10.1146/annurev.earth.34.031405.125049,
Kaersutite,Kaersutite,Mineral,M,,,,,295,,0.39,,0.87,,,,,,3,3,,,,MÖSSBAUER SPECTROSCOPY OF EARTH AND PLANETARY MATERIALS,"M. Darby Dyar, David G. Agresti, Martha W. Schaefer, Christopher A. Grant, Elizabeth C. Sklute",2006,review,10.1146/annurev.earth.34.031405.125049,
Winchite,Winchite,Mineral,M2,,,,,295,,1.13,,1.9,,,,,,1,2,,,,MÖSSBAUER SPECTROSCOPY OF EARTH AND PLANETARY MATERIALS,"M. Darby Dyar, David G. Agresti, Martha W. Schaefer, Christopher A. Grant, Elizabeth C. Sklute",2006,review,10.1146/annurev.earth.34.031405.125049,
Winchite,Winchite,Mineral,M1+M3,,,,,295,,1.13,,2.86,,,,,,2,2,,,,MÖSSBAUER SPECTROSCOPY OF EARTH AND PLANETARY MATERIALS,"M. Darby Dyar, David G. Agresti, Martha W. Schaefer, Christopher A. Grant, Elizabeth C. Sklute",2006,review,10.1146/annurev.earth.34.031405.125049,
Surinamite,Surinamite,Mineral,M,,,,,295,,0.35,,0.53,,,,,,1,6,,,,MÖSSBAUER SPECTROSCOPY OF EARTH AND PLANETARY MATERIALS,"M. Darby Dyar, David G. Agresti, Martha W. Schaefer, Christopher A. Grant, Elizabeth C. Sklute",2006,review,10.1146/annurev.earth.34.031405.125049,
Surinamite,Surinamite,Mineral,M1+M5,,,,,295,,1.2,,2.42,,,,,,2,6,,,,MÖSSBAUER SPECTROSCOPY OF EARTH AND PLANETARY MATERIALS,"M. Darby Dyar, David G. Agresti, Martha W. Schaefer, Christopher A. Grant, Elizabeth C. Sklute",2006,review,10.1146/annurev.earth.34.031405.125049,
Surinamite,Surinamite,Mineral,M4+M7,,,,,295,,1.12,,2.02,,,,,,3,6,,,,MÖSSBAUER SPECTROSCOPY OF EARTH AND PLANETARY MATERIALS,"M. Darby Dyar, David G. Agresti, Martha W. Schaefer, Christopher A. Grant, Elizabeth C. Sklute",2006,review,10.1146/annurev.earth.34.031405.125049,
Surinamite,Surinamite,Mineral,M8,,,,,295,,1.03,,1.3,,,,,,4,6,,,,MÖSSBAUER SPECTROSCOPY OF EARTH AND PLANETARY MATERIALS,"M. Darby Dyar, David G. Agresti, Martha W. Schaefer, Christopher A. Grant, Elizabeth C. Sklute",2006,review,10.1146/annurev.earth.34.031405.125049,
Surinamite,Surinamite,Mineral,M2,,,,,295,,0.36,,1.09,,,,,,5,6,,,,MÖSSBAUER SPECTROSCOPY OF EARTH AND PLANETARY MATERIALS,"M. Darby Dyar, David G. Agresti, Martha W. Schaefer, Christopher A. Grant, Elizabeth C. Sklute",2006,review,10.1146/annurev.earth.34.031405.125049,
Surinamite,Surinamite,Mineral,M3+M6+m9,,,,,295,,0.31,,0.92,,,,,,6,6,,,,MÖSSBAUER SPECTROSCOPY OF EARTH AND PLANETARY MATERIALS,"M. Darby Dyar, David G. Agresti, Martha W. Schaefer, Christopher A. Grant, Elizabeth C. Sklute",2006,review,10.1146/annurev.earth.34.031405.125049,
Clintonite,Clintonite,Mineral,M,,,,,295,,0.47,,0.51,,,,,,1,1,,,,MÖSSBAUER SPECTROSCOPY OF EARTH AND PLANETARY MATERIALS,"M. Darby Dyar, David G. Agresti, Martha W. Schaefer, Christopher A. Grant, Elizabeth C. Sklute",2006,review,10.1146/annurev.earth.34.031405.125049,
Chlorite,Chlorite,Mineral,T,,,,,295,,0.25,,0.5,,,,,,1,7,,,,MÖSSBAUER SPECTROSCOPY OF EARTH AND PLANETARY MATERIALS,"M. Darby Dyar, David G. Agresti, Martha W. Schaefer, Christopher A. Grant, Elizabeth C. Sklute",2006,review,10.1146/annurev.earth.34.031405.125049,
Chlorite,Chlorite,Mineral,M,,,,,295,,1.09,,2.59,,,,,,2,7,,,,MÖSSBAUER SPECTROSCOPY OF EARTH AND PLANETARY MATERIALS,"M. Darby Dyar, David G. Agresti, Martha W. Schaefer, Christopher A. Grant, Elizabeth C. Sklute",2006,review,10.1146/annurev.earth.34.031405.125049,
Chlorite,Chlorite,Mineral,M,,,,,295,,1.11,,2.33,,,,,,3,7,,,,MÖSSBAUER SPECTROSCOPY OF EARTH AND PLANETARY MATERIALS,"M. Darby Dyar, David G. Agresti, Martha W. Schaefer, Christopher A. Grant, Elizabeth C. Sklute",2006,review,10.1146/annurev.earth.34.031405.125049,
Chlorite,Chlorite,Mineral,M,,,,,295,,1.14,,2.66,,,,,,4,7,,,,MÖSSBAUER SPECTROSCOPY OF EARTH AND PLANETARY MATERIALS,"M. Darby Dyar, David G. Agresti, Martha W. Schaefer, Christopher A. Grant, Elizabeth C. Sklute",2006,review,10.1146/annurev.earth.34.031405.125049,
Chlorite,Chlorite,Mineral,T,,,,,295,,0.12,,0.39,,,,,,5,7,,,,MÖSSBAUER SPECTROSCOPY OF EARTH AND PLANETARY MATERIALS,"M. Darby Dyar, David G. Agresti, Martha W. Schaefer, Christopher A. Grant, Elizabeth C. Sklute",2006,review,10.1146/annurev.earth.34.031405.125049,
Chlorite,Chlorite,Mineral,M,,,,,295,,0.35,,0.4,,,,,,6,7,,,,MÖSSBAUER SPECTROSCOPY OF EARTH AND PLANETARY MATERIALS,"M. Darby Dyar, David G. Agresti, Martha W. Schaefer, Christopher A. Grant, Elizabeth C. Sklute",2006,review,10.1146/annurev.earth.34.031405.125049,
Chlorite,Chlorite,Mineral,M,,,,,295,,0.35,,0.65,,,,,,7,7,,,,MÖSSBAUER SPECTROSCOPY OF EARTH AND PLANETARY MATERIALS,"M. Darby Dyar, David G. Agresti, Martha W. Schaefer, Christopher A. Grant, Elizabeth C. Sklute",2006,review,10.1146/annurev.earth.34.031405.125049,
Illite,Illite,Mineral,M,,,,,295,,1.12,,2.61,,,,,,1,2,,,,MÖSSBAUER SPECTROSCOPY OF EARTH AND PLANETARY MATERIALS,"M. Darby Dyar, David G. Agresti, Martha W. Schaefer, Christopher A. Grant, Elizabeth C. Sklute",2006,review,10.1146/annurev.earth.34.031405.125049,
Illite,Illite,Mineral,M,,,,,295,,0.36,,0.61,,,,,,2,2,,,,MÖSSBAUER SPECTROSCOPY OF EARTH AND PLANETARY MATERIALS,"M. Darby Dyar, David G. Agresti, Martha W. Schaefer, Christopher A. Grant, Elizabeth C. Sklute",2006,review,10.1146/annurev.earth.34.031405.125049,
Phlogopite,Phlogopite,Mineral,M,,,,,295,,1.13,,2.57,,,,,,1,4,,,,MÖSSBAUER SPECTROSCOPY OF EARTH AND PLANETARY MATERIALS,"M. Darby Dyar, David G. Agresti, Martha W. Schaefer, Christopher A. Grant, Elizabeth C. Sklute",2006,review,10.1146/annurev.earth.34.031405.125049,
Phlogopite,Phlogopite,Mineral,M,,,,,295,,1.12,,2.15,,,,,,2,4,,,,MÖSSBAUER SPECTROSCOPY OF EARTH AND PLANETARY MATERIALS,"M. Darby Dyar, David G. Agresti, Martha W. Schaefer, Christopher A. Grant, Elizabeth C. Sklute",2006,review,10.1146/annurev.earth.34.031405.125049,
Phlogopite,Phlogopite,Mineral,M,,,,,295,,0.4,,0.87,,,,,,3,4,,,,MÖSSBAUER SPECTROSCOPY OF EARTH AND PLANETARY MATERIALS,"M. Darby Dyar, David G. Agresti, Martha W. Schaefer, Christopher A. Grant, Elizabeth C. Sklute",2006,review,10.1146/annurev.earth.34.031405.125049,
Phlogopite,Phlogopite,Mineral,T,,,,,295,,0.2,,0.75,,,,,,4,4,,,,MÖSSBAUER SPECTROSCOPY OF EARTH AND PLANETARY MATERIALS,"M. Darby Dyar, David G. Agresti, Martha W. Schaefer, Christopher A. Grant, Elizabeth C. Sklute",2006,review,10.1146/annurev.earth.34.031405.125049,
Talc,Talc,Mineral,M,,,,,295,,1.13,,2.57,,,,,,1,2,,,,MÖSSBAUER SPECTROSCOPY OF EARTH AND PLANETARY MATERIALS,"M. Darby Dyar, David G. Agresti, Martha W. Schaefer, Christopher A. Grant, Elizabeth C. Sklute",2006,review,10.1146/annurev.earth.34.031405.125049,
Talc,Talc,Mineral,M,,,,,295,,1.12,,2.15,,,,,,2,2,,,,MÖSSBAUER SPECTROSCOPY OF EARTH AND PLANETARY MATERIALS,"M. Darby Dyar, David G. Agresti, Martha W. Schaefer, Christopher A. Grant, Elizabeth C. Sklute",2006,review,10.1146/annurev.earth.34.031405.125049,
Kaolinite,Kaolinite,Mineral,M,,,,,295,,0.41,,0.46,,,,,,1,2,,,,MÖSSBAUER SPECTROSCOPY OF EARTH AND PLANETARY MATERIALS,"M. Darby Dyar, David G. Agresti, Martha W. Schaefer, Christopher A. Grant, Elizabeth C. Sklute",2006,review,10.1146/annurev.earth.34.031405.125049,
Kaolinite,Kaolinite,Mineral,M,,,,,295,,1.11,,2.53,,,,,,2,2,,,,MÖSSBAUER SPECTROSCOPY OF EARTH AND PLANETARY MATERIALS,"M. Darby Dyar, David G. Agresti, Martha W. Schaefer, Christopher A. Grant, Elizabeth C. Sklute",2006,review,10.1146/annurev.earth.34.031405.125049,
Glauconite,Glauconite,Mineral,M,,,,,295,,1.11,,2.71,,,,,,1,3,,,,MÖSSBAUER SPECTROSCOPY OF EARTH AND PLANETARY MATERIALS,"M. Darby Dyar, David G. Agresti, Martha W. Schaefer, Christopher A. Grant, Elizabeth C. Sklute",2006,review,10.1146/annurev.earth.34.031405.125049,
Glauconite,Glauconite,Mineral,M,,,,,295,,0.33,,0.45,,,,,,2,3,,,,MÖSSBAUER SPECTROSCOPY OF EARTH AND PLANETARY MATERIALS,"M. Darby Dyar, David G. Agresti, Martha W. Schaefer, Christopher A. Grant, Elizabeth C. Sklute",2006,review,10.1146/annurev.earth.34.031405.125049,
Glauconite,Glauconite,Mineral,M,,,,,295,,0.34,,0.99,,,,,,3,3,,,,MÖSSBAUER SPECTROSCOPY OF EARTH AND PLANETARY MATERIALS,"M. Darby Dyar, David G. Agresti, Martha W. Schaefer, Christopher A. Grant, Elizabeth C. Sklute",2006,review,10.1146/annurev.earth.34.031405.125049,
Lizardite,Lizardite,Mineral,M,,,,,295,,1.14,,2.7,,,,,,1,3,,,,MÖSSBAUER SPECTROSCOPY OF EARTH AND PLANETARY MATERIALS,"M. Darby Dyar, David G. Agresti, Martha W. Schaefer, Christopher A. Grant, Elizabeth C. Sklute",2006,review,10.1146/annurev.earth.34.031405.125049,
Lizardite,Lizardite,Mineral,M,,,,,295,,0.4,,0.7,,,,,,2,3,,,,MÖSSBAUER SPECTROSCOPY OF EARTH AND PLANETARY MATERIALS,"M. Darby Dyar, David G. Agresti, Martha W. Schaefer, Christopher A. Grant, Elizabeth C. Sklute",2006,review,10.1146/annurev.earth.34.031405.125049,
Lizardite,Lizardite,Mineral,T,,,,,295,,0.24,,0.39,,,,,,3,3,,,,MÖSSBAUER SPECTROSCOPY OF EARTH AND PLANETARY MATERIALS,"M. Darby Dyar, David G. Agresti, Martha W. Schaefer, Christopher A. Grant, Elizabeth C. Sklute",2006,review,10.1146/annurev.earth.34.031405.125049,
Chrysotile,Chrysotile,Mineral,M,,,,,295,,1.13,,2.75,,,,,,1,3,,,,MÖSSBAUER SPECTROSCOPY OF EARTH AND PLANETARY MATERIALS,"M. Darby Dyar, David G. Agresti, Martha W. Schaefer, Christopher A. Grant, Elizabeth C. Sklute",2006,review,10.1146/annurev.earth.34.031405.125049,
Chrysotile,Chrysotile,Mineral,M,,,,,295,,0.31,,0.86,,,,,,2,3,,,,MÖSSBAUER SPECTROSCOPY OF EARTH AND PLANETARY MATERIALS,"M. Darby Dyar, David G. Agresti, Martha W. Schaefer, Christopher A. Grant, Elizabeth C. Sklute",2006,review,10.1146/annurev.earth.34.031405.125049,
Chrysotile,Chrysotile,Mineral,T,,,,,295,,0.18,,0.33,,,,,,3,3,,,,MÖSSBAUER SPECTROSCOPY OF EARTH AND PLANETARY MATERIALS,"M. Darby Dyar, David G. Agresti, Martha W. Schaefer, Christopher A. Grant, Elizabeth C. Sklute",2006,review,10.1146/annurev.earth.34.031405.125049,
Feldspar,Feldspar,Mineral,M,,,,,295,,1.14,,2.12,,,,,,1,6,,,,MÖSSBAUER SPECTROSCOPY OF EARTH AND PLANETARY MATERIALS,"M. Darby Dyar, David G. Agresti, Martha W. Schaefer, Christopher A. Grant, Elizabeth C. Sklute",2006,review,10.1146/annurev.earth.34.031405.125049,
Feldspar,Feldspar,Mineral,M,,,,,295,,0.92,,2.09,,,,,,2,6,,,,MÖSSBAUER SPECTROSCOPY OF EARTH AND PLANETARY MATERIALS,"M. Darby Dyar, David G. Agresti, Martha W. Schaefer, Christopher A. Grant, Elizabeth C. Sklute",2006,review,10.1146/annurev.earth.34.031405.125049,
Feldspar,Feldspar,Mineral,M,,,,,295,,1.09,,1.45,,,,,,3,6,,,,MÖSSBAUER SPECTROSCOPY OF EARTH AND PLANETARY MATERIALS,"M. Darby Dyar, David G. Agresti, Martha W. Schaefer, Christopher A. Grant, Elizabeth C. Sklute",2006,review,10.1146/annurev.earth.34.031405.125049,
Feldspar,Feldspar,Mineral,,,,,,295,,0.19,,1.22,,,,,,4,6,,,,MÖSSBAUER SPECTROSCOPY OF EARTH AND PLANETARY MATERIALS,"M. Darby Dyar, David G. Agresti, Martha W. Schaefer, Christopher A. Grant, Elizabeth C. Sklute",2006,review,10.1146/annurev.earth.34.031405.125049,
Feldspar,Feldspar,Mineral,,,,,,295,,0.55,,1.33,,,,,,5,6,,,,MÖSSBAUER SPECTROSCOPY OF EARTH AND PLANETARY MATERIALS,"M. Darby Dyar, David G. Agresti, Martha W. Schaefer, Christopher A. Grant, Elizabeth C. Sklute",2006,review,10.1146/annurev.earth.34.031405.125049,
Feldspar,Feldspar,Mineral,,,,,,295,,0.24,,1.19,,,,,,6,6,,,,MÖSSBAUER SPECTROSCOPY OF EARTH AND PLANETARY MATERIALS,"M. Darby Dyar, David G. Agresti, Martha W. Schaefer, Christopher A. Grant, Elizabeth C. Sklute",2006,review,10.1146/annurev.earth.34.031405.125049,
Green Rust II (SO4),Green Rust II (SO4),Mineral,D1,,,,2,78,0.14,1.27,,2.88,,,,,,1,2,66,,,Thermodynamic Equilibria in Aqueous Suspensions of Synthetic and Natural Fe(II)−Fe(III) Green Rusts:  Occurrences of the Mineral in Hydromorphic Soils,Genin et al.,1998,journal,10.1021/es970547m,
Green Rust II (SO4),Green Rust II (SO4),Mineral,D3,,,,3,78,0.14,0.47,,0.44,,,,,,2,2,34,,,Thermodynamic Equilibria in Aqueous Suspensions of Synthetic and Natural Fe(II)−Fe(III) Green Rusts:  Occurrences of the Mineral in Hydromorphic Soils,Genin et al.,1998,journal,10.1021/es970547m,
Green Rust I (CO32-),Green Rust I (CO32-),Mineral,D1,,,,2,78,0.14,1.27,,2.93,,,,,,1,3,51,,,Thermodynamic Equilibria in Aqueous Suspensions of Synthetic and Natural Fe(II)−Fe(III) Green Rusts:  Occurrences of the Mineral in Hydromorphic Soils,Genin et al.,1998,journal,10.1021/es970547m,
Green Rust I (CO32-),Green Rust I (CO32-),Mineral,D2,,,,2,78,0.14,1.28,,2.64,,,,,,2,3,15,,,Thermodynamic Equilibria in Aqueous Suspensions of Synthetic and Natural Fe(II)−Fe(III) Green Rusts:  Occurrences of the Mineral in Hydromorphic Soils,Genin et al.,1998,journal,10.1021/es970547m,
Green Rust I (CO32-),Green Rust I (CO32-),Mineral,D1,,,,3,78,0.14,0.47,,0.42,,,,,,3,3,34,,,Thermodynamic Equilibria in Aqueous Suspensions of Synthetic and Natural Fe(II)−Fe(III) Green Rusts:  Occurrences of the Mineral in Hydromorphic Soils,Genin et al.,1998,journal,10.1021/es970547m,
Green Rust I (Cl),Green Rust I (Cl),Mineral,D1,,,,2,78,0.14,1.26,,2.8,,,,,,1,3,36,,,Thermodynamic Equilibria in Aqueous Suspensions of Synthetic and Natural Fe(II)−Fe(III) Green Rusts:  Occurrences of the Mineral in Hydromorphic Soils,Genin et al.,1998,journal,10.1021/es970547m,
Green Rust I (Cl),Green Rust I (Cl),Mineral,D2,,,,2,78,0.14,1.27,,2.55,,,,,,2,3,37,,,Thermodynamic Equilibria in Aqueous Suspensions of Synthetic and Natural Fe(II)−Fe(III) Green Rusts:  Occurrences of the Mineral in Hydromorphic Soils,Genin et al.,1998,journal,10.1021/es970547m,
Green Rust I (Cl),Green Rust I (Cl),Mineral,D3,,,,3,78,0.14,0.48,,0.38,,,,,,3,3,27,,,Thermodynamic Equilibria in Aqueous Suspensions of Synthetic and Natural Fe(II)−Fe(III) Green Rusts:  Occurrences of the Mineral in Hydromorphic Soils,Genin et al.,1998,journal,10.1021/es970547m,
